"car","total_amount"
0,25102462.039997533
1,60127.969999999965
